Subject_ID,Time,PPG,HR,HRV
9,0.0,-0.0003570710963829,86,46.054145942765615
9,0.01001001001001,0.0911397918289808,86,46.054145942765615
9,0.02002002002002,0.1839646342704657,86,46.054145942765615
9,0.03003003003003,0.2664478973768309,86,46.054145942765615
9,0.04004004004004,0.3518325217452041,86,46.054145942765615
9,0.05005005005005,0.4355058758973274,86,46.054145942765615
9,0.06006006006006,0.4970869446023772,86,46.054145942765615
9,0.07007007007007,0.5587044497417343,86,46.054145942765615
9,0.08008008008008,0.6244341677672791,86,46.054145942765615
9,0.09009009009009,0.6695351423616045,86,46.054145942765615
9,0.1001001001001,0.7070206216980621,86,46.054145942765615
9,0.1101101101101101,0.7398996801076804,86,46.054145942765615
9,0.1201201201201201,0.7549773902338546,86,46.054145942765615
9,0.1301301301301301,0.7711735209970555,86,46.054145942765615
9,0.1401401401401401,0.7781979350195716,86,46.054145942765615
9,0.1501501501501501,0.7892244306060411,86,46.054145942765615
9,0.1601601601601601,0.7541949710043071,86,46.054145942765615
9,0.1701701701701701,0.7446385706293946,86,46.054145942765615
9,0.1801801801801801,0.7099084804681733,86,46.054145942765615
9,0.1901901901901901,0.6721662162579474,86,46.054145942765615
9,0.2002002002002001,0.6377670770594487,86,46.054145942765615
9,0.2102102102102102,0.5927514057008781,86,46.054145942765615
9,0.2202202202202202,0.5552898509601831,86,46.054145942765615
9,0.2302302302302302,0.4936544976114443,86,46.054145942765615
9,0.2402402402402402,0.4508824470594562,86,46.054145942765615
9,0.2502502502502503,0.387404026912505,86,46.054145942765615
9,0.2602602602602603,0.3436115044185677,86,46.054145942765615
9,0.2702702702702703,0.2992495433055197,86,46.054145942765615
9,0.2802802802802803,0.2479109626923324,86,46.054145942765615
9,0.2902902902902903,0.1955110050933974,86,46.054145942765615
9,0.3003003003003003,0.1694038270352811,86,46.054145942765615
9,0.3103103103103103,0.1446660994905717,86,46.054145942765615
9,0.3203203203203203,0.0928210910715498,86,46.054145942765615
9,0.3303303303303303,0.0807249753165448,86,46.054145942765615
9,0.3403403403403403,0.0480115588186459,86,46.054145942765615
9,0.3503503503503503,0.0347967116762835,86,46.054145942765615
9,0.3603603603603603,0.0185232925730807,86,46.054145942765615
9,0.3703703703703703,0.0117518412718236,86,46.054145942765615
9,0.3803803803803803,0.0155199496052682,86,46.054145942765615
9,0.3903903903903903,0.00863325140891,86,46.054145942765615
9,0.4004004004004003,-0.0008004123592937,86,46.054145942765615
9,0.4104104104104104,0.0037113869361473,86,46.054145942765615
9,0.4204204204204204,-0.0002584517568228,86,46.054145942765615
9,0.4304304304304304,-0.0051929811660913,86,46.054145942765615
9,0.4404404404404404,0.0039425675933281,86,46.054145942765615
9,0.4504504504504504,-0.0012726624091155,86,46.054145942765615
9,0.4604604604604604,-0.0160237345528722,86,46.054145942765615
9,0.4704704704704704,-0.0154426821186883,86,46.054145942765615
9,0.4804804804804805,-0.0300403242588052,86,46.054145942765615
9,0.4904904904904905,-0.0422806923177172,86,46.054145942765615
9,0.5005005005005005,-0.0680072753661788,86,46.054145942765615
9,0.5105105105105106,-0.1015224346134995,86,46.054145942765615
9,0.5205205205205206,-0.1208224608938016,86,46.054145942765615
9,0.5305305305305306,-0.156979903452904,86,46.054145942765615
9,0.5405405405405406,-0.1891260072456999,86,46.054145942765615
9,0.5505505505505506,-0.2293032136619998,86,46.054145942765615
9,0.5605605605605606,-0.2797199206262454,86,46.054145942765615
9,0.5705705705705706,-0.3309350136092351,86,46.054145942765615
9,0.5805805805805806,-0.3855996590001285,86,46.054145942765615
9,0.5905905905905906,-0.4233621556813132,86,46.054145942765615
9,0.6006006006006006,-0.4796547755330675,86,46.054145942765615
9,0.6106106106106106,-0.5322118880582092,86,46.054145942765615
9,0.6206206206206206,-0.5859096187657276,86,46.054145942765615
9,0.6306306306306306,-0.6200605001415456,86,46.054145942765615
9,0.6406406406406406,-0.666939374262046,86,46.054145942765615
9,0.6506506506506506,-0.6967085342793162,86,46.054145942765615
9,0.6606606606606606,-0.7348951470862798,86,46.054145942765615
9,0.6706706706706707,-0.7552147547152448,86,46.054145942765615
9,0.6806806806806807,-0.765878166204706,86,46.054145942765615
9,0.6906906906906907,-0.7734534397533941,86,46.054145942765615
9,0.7007007007007007,-0.780222755284977,86,46.054145942765615
9,0.7107107107107107,-0.7665127661987154,86,46.054145942765615
9,0.7207207207207207,-0.7451798572093215,86,46.054145942765615
9,0.7307307307307307,-0.7171940248846952,86,46.054145942765615
9,0.7407407407407407,-0.6740071900787447,86,46.054145942765615
9,0.7507507507507507,-0.6334430313330565,86,46.054145942765615
9,0.7607607607607607,-0.5770864189481326,86,46.054145942765615
9,0.7707707707707707,-0.5221033993120194,86,46.054145942765615
9,0.7807807807807807,-0.4398595688138652,86,46.054145942765615
9,0.7907907907907907,-0.3646201685709434,86,46.054145942765615
9,0.8008008008008007,-0.2859349027506249,86,46.054145942765615
9,0.8108108108108109,-0.2013684757890494,86,46.054145942765615
9,0.8208208208208209,-0.1233095166138856,86,46.054145942765615
9,0.8308308308308309,-0.024977791927351,86,46.054145942765615
9,0.8408408408408409,0.0646210506129703,86,46.054145942765615
9,0.8508508508508509,0.1519989321614522,86,46.054145942765615
9,0.8608608608608609,0.2381834868748979,86,46.054145942765615
9,0.8708708708708709,0.3420145799040564,86,46.054145942765615
9,0.8808808808808809,0.3931628871764446,86,46.054145942765615
9,0.8908908908908909,0.480599890613136,86,46.054145942765615
9,0.9009009009009008,0.5464711868053984,86,46.054145942765615
9,0.9109109109109108,0.6123779396845052,86,46.054145942765615
9,0.9209209209209208,0.6665634132590087,86,46.054145942765615
9,0.9309309309309308,0.6965195072265106,86,46.054145942765615
9,0.9409409409409408,0.7273330912179949,86,46.054145942765615
9,0.950950950950951,0.7580936910247418,86,46.054145942765615
9,0.960960960960961,0.768261249224789,86,46.054145942765615
9,0.970970970970971,0.7736483268908677,86,46.054145942765615
9,0.980980980980981,0.7723220818524,86,46.054145942765615
9,0.990990990990991,0.7693872614435745,86,46.054145942765615
9,1.001001001001001,0.7378809923949317,86,46.054145942765615
9,1.011011011011011,0.7147327500406828,86,46.054145942765615
9,1.021021021021021,0.684207346434389,86,46.054145942765615
9,1.031031031031031,0.6417900327893381,86,46.054145942765615
9,1.0410410410410411,0.6056025549950568,86,46.054145942765615
9,1.0510510510510511,0.5597911233253225,86,46.054145942765615
9,1.0610610610610611,0.5031290616648378,86,46.054145942765615
9,1.0710710710710711,0.4619349956242385,86,46.054145942765615
9,1.0810810810810811,0.4004324708594917,86,46.054145942765615
9,1.0910910910910911,0.3475582740058269,86,46.054145942765615
9,1.1011011011011012,0.3052600331301701,86,46.054145942765615
9,1.1111111111111112,0.2690682319281148,86,46.054145942765615
9,1.1211211211211212,0.2087039099939237,86,46.054145942765615
9,1.1311311311311312,0.1855243439216022,86,46.054145942765615
9,1.1411411411411412,0.1366244391289335,86,46.054145942765615
9,1.1511511511511512,0.1124875561752263,86,46.054145942765615
9,1.1611611611611612,0.0794107357540441,86,46.054145942765615
9,1.1711711711711712,0.058241720677934,86,46.054145942765615
9,1.1811811811811812,0.0416890699880731,86,46.054145942765615
9,1.1911911911911912,0.0222220615950743,86,46.054145942765615
9,1.2012012012012012,0.0257046791146213,86,46.054145942765615
9,1.2112112112112112,0.0152180449086346,86,46.054145942765615
9,1.2212212212212212,0.0083481774147882,86,46.054145942765615
9,1.2312312312312312,0.0012701067158291,86,46.054145942765615
9,1.2412412412412412,-0.0034936965660825,86,46.054145942765615
9,1.2512512512512513,-0.0025272028511374,86,46.054145942765615
9,1.2612612612612613,-0.0047203891828858,86,46.054145942765615
9,1.2712712712712713,0.000774692502639,86,46.054145942765615
9,1.2812812812812813,-0.0093185897209701,86,46.054145942765615
9,1.2912912912912913,-0.0083369374746447,86,46.054145942765615
9,1.3013013013013013,-0.0130173512042008,86,46.054145942765615
9,1.3113113113113113,-0.0378017927265729,86,46.054145942765615
9,1.3213213213213213,-0.035888936734871,86,46.054145942765615
9,1.3313313313313313,-0.0661439429375924,86,46.054145942765615
9,1.3413413413413413,-0.0932548184810783,86,46.054145942765615
9,1.351351351351351,-0.1168672594351157,86,46.054145942765615
9,1.361361361361361,-0.1419562352805559,86,46.054145942765615
9,1.371371371371371,-0.1822163224190373,86,46.054145942765615
9,1.3813813813813811,-0.2249001211327572,86,46.054145942765615
9,1.3913913913913911,-0.2667030470306469,86,46.054145942765615
9,1.4014014014014011,-0.3164743193823762,86,46.054145942765615
9,1.4114114114114114,-0.3645602573278066,86,46.054145942765615
9,1.4214214214214214,-0.4215344136208382,86,46.054145942765615
9,1.4314314314314314,-0.4665380614865809,86,46.054145942765615
9,1.4414414414414414,-0.5212802497402848,86,46.054145942765615
9,1.4514514514514514,-0.5647268877697934,86,46.054145942765615
9,1.4614614614614614,-0.6093686986904404,86,46.054145942765615
9,1.4714714714714714,-0.6637357460529878,86,46.054145942765615
9,1.4814814814814814,-0.6930628061215698,86,46.054145942765615
9,1.4914914914914914,-0.7299874466166058,86,46.054145942765615
9,1.5015015015015014,-0.7466949323419352,86,46.054145942765615
9,1.5115115115115114,-0.7747260637386137,86,46.054145942765615
9,1.5215215215215214,-0.7801725175303964,86,46.054145942765615
9,1.5315315315315314,-0.7710886978927612,86,46.054145942765615
9,1.5415415415415414,-0.778829367377301,86,46.054145942765615
9,1.5515515515515514,-0.7582844073223444,86,46.054145942765615
9,1.5615615615615617,-0.7296926916555115,86,46.054145942765615
9,1.5715715715715717,-0.6913129385802175,86,46.054145942765615
9,1.5815815815815817,-0.6535297781033713,86,46.054145942765615
9,1.5915915915915917,-0.5902563309539736,86,46.054145942765615
9,1.6016016016016017,-0.5306808450362988,86,46.054145942765615
9,1.6116116116116117,-0.4712675770063239,86,46.054145942765615
9,1.6216216216216215,-0.3888484836202308,86,46.054145942765615
9,1.6316316316316315,-0.3101727622053793,86,46.054145942765615
9,1.6416416416416415,-0.2241225589109573,86,46.054145942765615
9,1.6516516516516515,-0.1389124045908474,86,46.054145942765615
9,1.6616616616616615,-0.0417857592436153,86,46.054145942765615
9,1.6716716716716715,0.0473412191572296,86,46.054145942765615
9,1.6816816816816818,0.1343490037640848,86,46.054145942765615
9,1.6916916916916918,0.2286444624813822,86,46.054145942765615
9,1.7017017017017018,0.3126112205507504,86,46.054145942765615
9,1.7117117117117118,0.3908243823236527,86,46.054145942765615
9,1.7217217217217218,0.4699626422905071,86,46.054145942765615
9,1.7317317317317318,0.5263925858618697,86,46.054145942765615
9,1.7417417417417418,0.5894067620978454,86,46.054145942765615
9,1.7517517517517518,0.6485035709618366,86,46.054145942765615
9,1.7617617617617618,0.6950140062798528,86,46.054145942765615
9,1.7717717717717718,0.7396500707370307,86,46.054145942765615
9,1.7817817817817818,0.752010201108804,86,46.054145942765615
9,1.7917917917917918,0.7723559521215477,86,46.054145942765615
9,1.8018018018018016,0.778039543086683,86,46.054145942765615
9,1.811811811811812,0.7781322835315798,86,46.054145942765615
9,1.8218218218218216,0.7742282283867798,86,46.054145942765615
9,1.831831831831832,0.7329886649356587,86,46.054145942765615
9,1.8418418418418416,0.7283935013511584,86,46.054145942765615
9,1.851851851851852,0.6946472803408155,86,46.054145942765615
9,1.8618618618618616,0.659686876231332,86,46.054145942765615
9,1.871871871871872,0.6140027148304308,86,46.054145942765615
9,1.8818818818818817,0.5799467068241969,86,46.054145942765615
9,1.891891891891892,0.5225749174544195,86,46.054145942765615
9,1.901901901901902,0.475705175942619,86,46.054145942765615
9,1.911911911911912,0.4185752651713478,86,46.054145942765615
9,1.921921921921922,0.3628422000731266,86,46.054145942765615
9,1.931931931931932,0.3204755772335228,86,46.054145942765615
9,1.941941941941942,0.2695836281278954,86,46.054145942765615
9,1.951951951951952,0.2286473320057211,86,46.054145942765615
9,1.961961961961962,0.1815601503211226,86,46.054145942765615
9,1.971971971971972,0.1480430839856358,86,46.054145942765615
9,1.981981981981982,0.1086047212823135,86,46.054145942765615
9,1.991991991991992,0.0908921588610031,86,46.054145942765615
9,2.002002002002002,0.0606107112197034,86,46.054145942765615
9,2.012012012012012,0.0410224597449145,86,46.054145942765615
9,2.022022022022022,0.0292365452819365,86,46.054145942765615
9,2.032032032032032,0.0113995631235914,86,46.054145942765615
9,2.042042042042042,0.009373208677588,86,46.054145942765615
9,2.052052052052052,0.0014963628063986,86,46.054145942765615
9,2.062062062062062,0.0061036356629527,86,46.054145942765615
9,2.072072072072072,0.0043564803541212,86,46.054145942765615
9,2.0820820820820822,0.0046898610438099,86,46.054145942765615
9,2.092092092092092,0.0127091693727592,86,46.054145942765615
9,2.1021021021021022,-0.0050300488898806,86,46.054145942765615
9,2.112112112112112,0.0028705529050404,86,46.054145942765615
9,2.1221221221221223,-0.0149540903826133,86,46.054145942765615
9,2.1321321321321323,-0.0141691151753525,86,46.054145942765615
9,2.1421421421421423,-0.0260603954811046,86,46.054145942765615
9,2.1521521521521523,-0.0432951517544922,86,46.054145942765615
9,2.1621621621621623,-0.0582261951670981,86,46.054145942765615
9,2.1721721721721723,-0.0693408883916121,86,46.054145942765615
9,2.1821821821821823,-0.095921173384975,86,46.054145942765615
9,2.1921921921921923,-0.1339923264741667,86,46.054145942765615
9,2.2022022022022023,-0.1663601350744907,86,46.054145942765615
9,2.2122122122122123,-0.2197487170775068,86,46.054145942765615
9,2.2222222222222223,-0.2620658009247014,86,46.054145942765615
9,2.2322322322322323,-0.3004796661706815,86,46.054145942765615
9,2.2422422422422423,-0.3518481146669209,86,46.054145942765615
9,2.2522522522522523,-0.4024090552046147,86,46.054145942765615
9,2.2622622622622623,-0.4662781540575942,86,46.054145942765615
9,2.2722722722722724,-0.5074820361127589,86,46.054145942765615
9,2.2822822822822824,-0.5473068965219963,86,46.054145942765615
9,2.2922922922922924,-0.5992931018995948,86,46.054145942765615
9,2.3023023023023024,-0.6480423807978017,86,46.054145942765615
9,2.3123123123123124,-0.6760303916899081,86,46.054145942765615
9,2.3223223223223224,-0.7272444833861132,86,46.054145942765615
9,2.3323323323323324,-0.7427577563233929,86,46.054145942765615
9,2.3423423423423424,-0.7681746641903459,86,46.054145942765615
9,2.3523523523523524,-0.7677455234615217,86,46.054145942765615
9,2.3623623623623624,-0.777523400731803,86,46.054145942765615
9,2.3723723723723724,-0.7812387817225231,86,46.054145942765615
9,2.3823823823823824,-0.7639647193799686,86,46.054145942765615
9,2.3923923923923924,-0.7319682292647759,86,46.054145942765615
9,2.4024024024024024,-0.697445932056696,86,46.054145942765615
9,2.4124124124124124,-0.6521751097606316,86,46.054145942765615
9,2.4224224224224224,-0.6078724406270829,86,46.054145942765615
9,2.4324324324324325,-0.5458277922676142,86,46.054145942765615
9,2.4424424424424425,-0.4754331712733515,86,46.054145942765615
9,2.4524524524524525,-0.3980385844898419,86,46.054145942765615
9,2.4624624624624625,-0.3200771259842304,86,46.054145942765615
9,2.4724724724724725,-0.2405317027398711,86,46.054145942765615
9,2.4824824824824825,-0.1463935446476224,86,46.054145942765615
9,2.4924924924924925,-0.0706763909610944,86,46.054145942765615
9,2.5025025025025025,0.0207742278574736,86,46.054145942765615
9,2.5125125125125125,0.1144917197832432,86,46.054145942765615
9,2.5225225225225225,0.2005468087822594,86,46.054145942765615
9,2.5325325325325325,0.2902309038128266,86,46.054145942765615
9,2.5425425425425425,0.3661337665155783,86,46.054145942765615
9,2.5525525525525525,0.4484288148816178,86,46.054145942765615
9,2.5625625625625625,0.5202557553602443,86,46.054145942765615
9,2.5725725725725725,0.5796695808698211,86,46.054145942765615
9,2.5825825825825826,0.6415852169111576,86,46.054145942765615
9,2.592592592592593,0.6782149023237557,86,46.054145942765615
9,2.6026026026026026,0.7140599093250037,86,46.054145942765615
9,2.612612612612613,0.738102807965004,86,46.054145942765615
9,2.6226226226226226,0.779445462694102,86,46.054145942765615
9,2.6326326326326326,0.7702761280906513,86,46.054145942765615
9,2.6426426426426426,0.7765626956906219,86,46.054145942765615
9,2.6526526526526526,0.7639173734519616,86,46.054145942765615
9,2.6626626626626626,0.7553976346543256,86,46.054145942765615
9,2.6726726726726726,0.7348552203803058,86,46.054145942765615
9,2.6826826826826826,0.7058257514094702,86,46.054145942765615
9,2.6926926926926926,0.6663185090818476,86,46.054145942765615
9,2.702702702702702,0.6259898836180504,86,46.054145942765615
9,2.7127127127127126,0.5831313410212907,86,46.054145942765615
9,2.722722722722722,0.5257909198253001,86,46.054145942765615
9,2.7327327327327327,0.4967147337876449,86,46.054145942765615
9,2.7427427427427427,0.4298302229517998,86,46.054145942765615
9,2.7527527527527527,0.3875812117638019,86,46.054145942765615
9,2.7627627627627627,0.329722046290997,86,46.054145942765615
9,2.7727727727727727,0.280322257486495,86,46.054145942765615
9,2.7827827827827827,0.2390048659983977,86,46.054145942765615
9,2.7927927927927927,0.1872772549777602,86,46.054145942765615
9,2.8028028028028027,0.1621868335002041,86,46.054145942765615
9,2.8128128128128127,0.1300964488267634,86,46.054145942765615
9,2.8228228228228227,0.0945313031947915,86,46.054145942765615
9,2.8328328328328327,0.064525277401149,86,46.054145942765615
9,2.8428428428428427,0.0480933025079474,86,46.054145942765615
9,2.8528528528528527,0.0357627115784797,86,46.054145942765615
9,2.8628628628628627,0.0066359136220938,86,46.054145942765615
9,2.8728728728728727,0.0118964363961232,86,46.054145942765615
9,2.8828828828828827,0.0060792807750747,86,46.054145942765615
9,2.8928928928928928,-0.0018511120173206,86,46.054145942765615
9,2.9029029029029028,0.0085238912982469,86,46.054145942765615
9,2.9129129129129128,0.0059324986189046,86,46.054145942765615
9,2.9229229229229228,0.0054009797308797,86,46.054145942765615
9,2.932932932932933,0.0010469283905908,86,46.054145942765615
9,2.942942942942943,-0.0034058485570041,86,46.054145942765615
9,2.952952952952953,0.000796517260491,86,46.054145942765615
9,2.962962962962963,-0.0112077279439579,86,46.054145942765615
9,2.972972972972973,-0.0134437664786824,86,46.054145942765615
9,2.982982982982983,-0.0383932878414376,86,46.054145942765615
9,2.992992992992993,-0.0589429901459277,86,46.054145942765615
9,3.003003003003003,-0.0727548352641367,86,46.054145942765615
9,3.013013013013013,-0.1068126793085287,86,46.054145942765615
9,3.023023023023023,-0.1352896072634531,86,46.054145942765615
9,3.033033033033033,-0.166797760459283,86,46.054145942765615
9,3.043043043043043,-0.210717269456015,86,46.054145942765615
9,3.053053053053053,-0.2398521441822056,86,46.054145942765615
9,3.063063063063063,-0.300757197320571,86,46.054145942765615
9,3.073073073073073,-0.3381112492774691,86,46.054145942765615
9,3.083083083083083,-0.3955810095975954,86,46.054145942765615
9,3.093093093093093,-0.434857709135205,86,46.054145942765615
9,3.103103103103103,-0.4878786463933077,86,46.054145942765615
9,3.113113113113113,-0.5445687861355738,86,46.054145942765615
9,3.123123123123123,-0.585042622957648,86,46.054145942765615
9,3.133133133133133,-0.6342382950867086,86,46.054145942765615
9,3.143143143143143,-0.672199332257577,86,46.054145942765615
9,3.153153153153153,-0.7124133436419814,86,46.054145942765615
9,3.163163163163163,-0.7445046955077195,86,46.054145942765615
9,3.173173173173173,-0.7626611264686045,86,46.054145942765615
9,3.183183183183183,-0.7774655987834252,86,46.054145942765615
9,3.193193193193193,-0.7745728168294873,86,46.054145942765615
9,3.203203203203203,-0.7802319347795539,86,46.054145942765615
9,3.2132132132132134,-0.7661706367019376,86,46.054145942765615
9,3.2232232232232234,-0.74114966607301,86,46.054145942765615
9,3.2332332332332334,-0.7221688044852708,86,46.054145942765615
9,3.2432432432432434,-0.6656038206983433,86,46.054145942765615
9,3.253253253253253,-0.6248325397704032,86,46.054145942765615
9,3.2632632632632634,-0.5607590734549015,86,46.054145942765615
9,3.273273273273273,-0.4988358217041687,86,46.054145942765615
9,3.2832832832832834,-0.4306695602622026,86,46.054145942765615
9,3.293293293293293,-0.3479539900858951,86,46.054145942765615
9,3.3033033033033035,-0.2614939163490193,86,46.054145942765615
9,3.313313313313313,-0.1815171391598508,86,46.054145942765615
9,3.3233233233233235,-0.0960085620832618,86,46.054145942765615
9,3.333333333333333,-0.0038389798114984,86,46.054145942765615
9,3.3433433433433435,0.0894996684438912,86,46.054145942765615
9,3.353353353353353,0.1762447794599929,86,46.054145942765615
9,3.3633633633633635,0.2600734034972802,86,46.054145942765615
9,3.373373373373373,0.3448159067464607,86,46.054145942765615
9,3.3833833833833835,0.4328171680855402,86,46.054145942765615
9,3.393393393393393,0.503305404844772,86,46.054145942765615
9,3.4034034034034035,0.5573510310575013,86,46.054145942765615
9,3.413413413413413,0.6211571371665346,86,46.054145942765615
9,3.4234234234234235,0.6740422989807022,86,46.054145942765615
9,3.433433433433433,0.7172345153932542,86,46.054145942765615
9,3.443443443443444,0.7410037782233546,86,46.054145942765615
9,3.4534534534534536,0.7591590062541753,86,46.054145942765615
9,3.463463463463464,0.7854502350061843,86,46.054145942765615
9,3.4734734734734736,0.7831895609612595,86,46.054145942765615
9,3.483483483483484,0.7784372488288983,86,46.054145942765615
9,3.4934934934934936,0.7578601955620472,86,46.054145942765615
9,3.503503503503504,0.7336769983000017,86,46.054145942765615
9,3.5135135135135136,0.7137138353067513,86,46.054145942765615
9,3.523523523523524,0.6681741055175154,86,46.054145942765615
9,3.5335335335335336,0.6359465815127431,86,46.054145942765615
9,3.543543543543544,0.5965791827444695,86,46.054145942765615
9,3.5535535535535536,0.548255987617525,86,46.054145942765615
9,3.563563563563564,0.4983981974006834,86,46.054145942765615
9,3.5735735735735736,0.4468507652751697,86,46.054145942765615
9,3.583583583583584,0.3966654874337946,86,46.054145942765615
9,3.5935935935935936,0.3319640258034693,86,46.054145942765615
9,3.603603603603604,0.2996810802488232,86,46.054145942765615
9,3.6136136136136137,0.2519192212233125,86,46.054145942765615
9,3.623623623623624,0.2078468372861245,86,46.054145942765615
9,3.6336336336336337,0.1631201224312391,86,46.054145942765615
9,3.643643643643644,0.1331547123436242,86,46.054145942765615
9,3.6536536536536537,0.1053425745068921,86,46.054145942765615
9,3.663663663663664,0.0735803402093556,86,46.054145942765615
9,3.6736736736736737,0.0505763746180995,86,46.054145942765615
9,3.683683683683684,0.036100340499935,86,46.054145942765615
9,3.6936936936936937,0.0246131589540296,86,46.054145942765615
9,3.703703703703704,0.0161134347309358,86,46.054145942765615
9,3.7137137137137137,0.0065254877085844,86,46.054145942765615
9,3.723723723723724,-0.0019171893300542,86,46.054145942765615
9,3.7337337337337337,-0.0052012490226043,86,46.054145942765615
9,3.743743743743744,0.0165149131020799,86,46.054145942765615
9,3.7537537537537538,-0.0047858128807016,86,46.054145942765615
9,3.763763763763764,-0.0047087031865232,86,46.054145942765615
9,3.7737737737737738,-0.0134835004859189,86,46.054145942765615
9,3.783783783783784,-0.0084537237665353,86,46.054145942765615
9,3.793793793793794,-0.0064668935787617,86,46.054145942765615
9,3.803803803803804,-0.0143031245326304,86,46.054145942765615
9,3.813813813813814,-0.0269243396777266,86,46.054145942765615
9,3.823823823823824,-0.0509869021233232,86,46.054145942765615
9,3.833833833833834,-0.071339986973002,86,46.054145942765615
9,3.843843843843844,-0.0908940341232683,86,46.054145942765615
9,3.853853853853854,-0.1247697705156906,86,46.054145942765615
9,3.863863863863864,-0.1630873208329193,86,46.054145942765615
9,3.873873873873874,-0.1976810070846292,86,46.054145942765615
9,3.883883883883884,-0.2406051249547098,86,46.054145942765615
9,3.893893893893894,-0.2863681923529084,86,46.054145942765615
9,3.903903903903904,-0.3379345947586101,86,46.054145942765615
9,3.913913913913914,-0.3870984447233196,86,46.054145942765615
9,3.923923923923924,-0.4352385904433449,86,46.054145942765615
9,3.933933933933934,-0.4809899943404227,86,46.054145942765615
9,3.943943943943944,-0.5294246603279658,86,46.054145942765615
9,3.953953953953954,-0.565024209679835,86,46.054145942765615
9,3.963963963963964,-0.6251461237749323,86,46.054145942765615
9,3.973973973973974,-0.6652342043326017,86,46.054145942765615
9,3.983983983983984,-0.7044716967949195,86,46.054145942765615
9,3.993993993993994,-0.7191273183221986,86,46.054145942765615
9,4.004004004004004,-0.7626182568155082,86,46.054145942765615
9,4.014014014014014,-0.7685567248499473,86,46.054145942765615
9,4.024024024024024,-0.7768476000625782,86,46.054145942765615
9,4.034034034034034,-0.7832961729376818,86,46.054145942765615
9,4.044044044044044,-0.7637961434790305,86,46.054145942765615
9,4.054054054054054,-0.7454036126100605,86,46.054145942765615
9,4.064064064064064,-0.7114212710152814,86,46.054145942765615
9,4.074074074074074,-0.683150691540166,86,46.054145942765615
9,4.084084084084084,-0.632819315228837,86,46.054145942765615
9,4.094094094094094,-0.5777659897343362,86,46.054145942765615
9,4.104104104104104,-0.509333207375884,86,46.054145942765615
9,4.114114114114114,-0.4366153989190823,86,46.054145942765615
9,4.124124124124124,-0.3752041045146292,86,46.054145942765615
9,4.134134134134134,-0.2905236950672865,86,46.054145942765615
9,4.144144144144144,-0.2028370065814602,86,46.054145942765615
9,4.1541541541541545,-0.1055495188154318,86,46.054145942765615
9,4.1641641641641645,-0.0129348613491025,86,46.054145942765615
9,4.174174174174175,0.0677895243792937,86,46.054145942765615
9,4.1841841841841845,0.166355260430328,86,46.054145942765615
9,4.1941941941941945,0.2385352368136861,86,46.054145942765615
9,4.2042042042042045,0.3264332544489555,86,46.054145942765615
9,4.214214214214215,0.4058486610530702,86,46.054145942765615
9,4.2242242242242245,0.4760502952566398,86,46.054145942765615
9,4.2342342342342345,0.5449025750587413,86,46.054145942765615
9,4.2442442442442445,0.603785199666138,86,46.054145942765615
9,4.254254254254255,0.65883878574326,86,46.054145942765615
9,4.2642642642642645,0.703360576595614,86,46.054145942765615
9,4.2742742742742745,0.7371268112466144,86,46.054145942765615
9,4.2842842842842845,0.7601958292293187,86,46.054145942765615
9,4.294294294294295,0.774547758412843,86,46.054145942765615
9,4.3043043043043046,0.7772289986712235,86,46.054145942765615
9,4.314314314314315,0.7823222341944517,86,46.054145942765615
9,4.324324324324325,0.7671880528469346,86,46.054145942765615
9,4.334334334334335,0.7373478613897683,86,46.054145942765615
9,4.344344344344345,0.7131018252947291,86,46.054145942765615
9,4.354354354354355,0.6916828360836195,86,46.054145942765615
9,4.364364364364365,0.6474031787955945,86,46.054145942765615
9,4.374374374374375,0.6045190360127689,86,46.054145942765615
9,4.384384384384385,0.5597467102949997,86,46.054145942765615
9,4.394394394394395,0.5152025146749055,86,46.054145942765615
9,4.404404404404405,0.4543514498414459,86,46.054145942765615
9,4.414414414414415,0.412805019297686,86,46.054145942765615
9,4.424424424424425,0.3555283471146944,86,46.054145942765615
9,4.434434434434435,0.3074373524609403,86,46.054145942765615
9,4.444444444444445,0.2544537830414414,86,46.054145942765615
9,4.454454454454455,0.2293343603585769,86,46.054145942765615
9,4.464464464464465,0.1760328154950382,86,46.054145942765615
9,4.474474474474475,0.1390733800179229,86,46.054145942765615
9,4.484484484484485,0.1119507145033925,86,46.054145942765615
9,4.494494494494495,0.0788749025826158,86,46.054145942765615
9,4.504504504504505,0.0574102696812862,86,46.054145942765615
9,4.514514514514515,0.0330802560780336,86,46.054145942765615
9,4.524524524524525,0.0259809905454265,86,46.054145942765615
9,4.534534534534535,0.0149156250615493,86,46.054145942765615
9,4.544544544544545,0.0079543424577417,86,46.054145942765615
9,4.554554554554555,0.0097174554678821,86,46.054145942765615
9,4.564564564564565,0.0005487938711252,86,46.054145942765615
9,4.574574574574575,0.003922235874426,86,46.054145942765615
9,4.584584584584585,-0.0032336243820412,86,46.054145942765615
9,4.594594594594595,-0.0020351530450388,86,46.054145942765615
9,4.604604604604605,-0.0001128634873988,86,46.054145942765615
9,4.614614614614615,-0.0101227396002985,86,46.054145942765615
9,4.624624624624625,-0.0130680644727417,86,46.054145942765615
9,4.634634634634635,-0.0223856981229698,86,46.054145942765615
9,4.644644644644645,-0.0234288187045544,86,46.054145942765615
9,4.654654654654655,-0.035734821262793,86,46.054145942765615
9,4.664664664664665,-0.0670728002000567,86,46.054145942765615
9,4.674674674674675,-0.0919669156505064,86,46.054145942765615
9,4.684684684684685,-0.1212379083802887,86,46.054145942765615
9,4.694694694694695,-0.1483436912396591,86,46.054145942765615
9,4.704704704704705,-0.1920177226291814,86,46.054145942765615
9,4.714714714714715,-0.2305316327239696,86,46.054145942765615
9,4.724724724724725,-0.2755823567243303,86,46.054145942765615
9,4.734734734734735,-0.3129909267464979,86,46.054145942765615
9,4.744744744744745,-0.370837949289892,86,46.054145942765615
9,4.754754754754755,-0.422303437780818,86,46.054145942765615
9,4.764764764764765,-0.4696043301400556,86,46.054145942765615
9,4.774774774774775,-0.5160017830888755,86,46.054145942765615
9,4.784784784784785,-0.5715376656638036,86,46.054145942765615
9,4.794794794794795,-0.6218518657589639,86,46.054145942765615
9,4.804804804804805,-0.6583274507588709,86,46.054145942765615
9,4.814814814814815,-0.6949940132570374,86,46.054145942765615
9,4.824824824824825,-0.7273278119926074,86,46.054145942765615
9,4.834834834834835,-0.7448252096183103,86,46.054145942765615
9,4.844844844844845,-0.7680732228155058,86,46.054145942765615
9,4.854854854854855,-0.7715980880964076,86,46.054145942765615
9,4.864864864864865,-0.7935147714291826,86,46.054145942765615
9,4.874874874874875,-0.768707271964516,86,46.054145942765615
9,4.884884884884885,-0.7519303731552801,86,46.054145942765615
9,4.894894894894895,-0.7321360665523742,86,46.054145942765615
9,4.904904904904905,-0.6769687142148242,86,46.054145942765615
9,4.914914914914915,-0.6480237618635619,86,46.054145942765615
9,4.924924924924925,-0.5971140805935127,86,46.054145942765615
9,4.934934934934935,-0.5378957745563246,86,46.054145942765615
9,4.944944944944945,-0.4598831932524596,86,46.054145942765615
9,4.954954954954955,-0.3960128971087449,86,46.054145942765615
9,4.964964964964965,-0.3081578942936172,86,46.054145942765615
9,4.974974974974975,-0.2279113357601594,86,46.054145942765615
9,4.984984984984985,-0.1299562773451232,86,46.054145942765615
9,4.994994994994995,-0.0443710426913339,86,46.054145942765615
9,5.005005005005005,0.0421717251109342,86,46.054145942765615
9,5.015015015015015,0.1338620654253447,86,46.054145942765615
9,5.025025025025025,0.2198154184107545,86,46.054145942765615
9,5.035035035035035,0.3142619584080644,86,46.054145942765615
9,5.045045045045045,0.3918330179356807,86,46.054145942765615
9,5.055055055055055,0.4616077089782887,86,46.054145942765615
9,5.065065065065065,0.5281663962896783,86,46.054145942765615
9,5.075075075075075,0.5968468926818903,86,46.054145942765615
9,5.085085085085085,0.6438141526371357,86,46.054145942765615
9,5.095095095095095,0.6993566785879756,86,46.054145942765615
9,5.105105105105105,0.723289814783283,86,46.054145942765615
9,5.115115115115115,0.7568755858908434,86,46.054145942765615
9,5.125125125125125,0.7780055101695149,86,46.054145942765615
9,5.135135135135135,0.7901648819112452,86,46.054145942765615
9,5.145145145145145,0.781169708988592,86,46.054145942765615
9,5.155155155155155,0.7612308753017699,86,46.054145942765615
9,5.165165165165165,0.758683355042493,86,46.054145942765615
9,5.175175175175175,0.7185251237278653,86,46.054145942765615
9,5.185185185185185,0.6961214322880369,86,46.054145942765615
9,5.195195195195195,0.6577563364637499,86,46.054145942765615
9,5.205205205205205,0.6103829282402214,86,46.054145942765615
9,5.215215215215215,0.5630088646894179,86,46.054145942765615
9,5.225225225225225,0.5250968528018839,86,46.054145942765615
9,5.235235235235235,0.4724429268048367,86,46.054145942765615
9,5.245245245245245,0.4184412185633216,86,46.054145942765615
9,5.255255255255255,0.3747571736044076,86,46.054145942765615
9,5.265265265265265,0.3194292078994643,86,46.054145942765615
9,5.275275275275275,0.2670720131309951,86,46.054145942765615
9,5.285285285285285,0.2286165609595678,86,46.054145942765615
9,5.295295295295295,0.1912231131517088,86,46.054145942765615
9,5.305305305305305,0.1525972610337979,86,46.054145942765615
9,5.315315315315315,0.1183357112965511,86,46.054145942765615
9,5.325325325325325,0.0822736806985268,86,46.054145942765615
9,5.335335335335335,0.0654701838014649,86,46.054145942765615
9,5.345345345345345,0.0461809107807388,86,46.054145942765615
9,5.355355355355355,0.0314061436703277,86,46.054145942765615
9,5.365365365365365,0.0196624708292124,86,46.054145942765615
9,5.375375375375375,0.0092253295205727,86,46.054145942765615
9,5.385385385385385,0.0022564348883596,86,46.054145942765615
9,5.395395395395395,0.0045148179793195,86,46.054145942765615
9,5.405405405405405,0.0025556553907065,86,46.054145942765615
9,5.415415415415415,0.0040352118214395,86,46.054145942765615
9,5.425425425425425,0.0036501444185257,86,46.054145942765615
9,5.435435435435435,-0.00881033252067,86,46.054145942765615
9,5.445445445445445,-0.0035914901277118,86,46.054145942765615
9,5.455455455455455,-0.003886129375687,86,46.054145942765615
9,5.465465465465465,-0.0180873510773543,86,46.054145942765615
9,5.475475475475475,-0.0267911893112877,86,46.054145942765615
9,5.485485485485485,-0.0448236364179843,86,46.054145942765615
9,5.495495495495495,-0.0646646044064176,86,46.054145942765615
9,5.505505505505505,-0.0773111951411324,86,46.054145942765615
9,5.515515515515515,-0.1101807130591365,86,46.054145942765615
9,5.525525525525525,-0.1410953174118968,86,46.054145942765615
9,5.535535535535535,-0.1723384906493994,86,46.054145942765615
9,5.545545545545545,-0.2187077954900749,86,46.054145942765615
9,5.555555555555555,-0.2666861290844592,86,46.054145942765615
9,5.565565565565565,-0.303734209260993,86,46.054145942765615
9,5.575575575575575,-0.3601901285694592,86,46.054145942765615
9,5.585585585585585,-0.4067433523706435,86,46.054145942765615
9,5.595595595595595,-0.4531366891476167,86,46.054145942765615
9,5.605605605605605,-0.5140435116533255,86,46.054145942765615
9,5.615615615615615,-0.5461769809199243,86,46.054145942765615
9,5.625625625625625,-0.6028662324088325,86,46.054145942765615
9,5.635635635635635,-0.6340147893502136,86,46.054145942765615
9,5.645645645645645,-0.6858339828734079,86,46.054145942765615
9,5.655655655655655,-0.7122575628307202,86,46.054145942765615
9,5.665665665665665,-0.7480421145949933,86,46.054145942765615
9,5.675675675675675,-0.7586857567159008,86,46.054145942765615
9,5.685685685685685,-0.7849951494631948,86,46.054145942765615
9,5.695695695695696,-0.7853348188790877,86,46.054145942765615
9,5.7057057057057055,-0.772608562276866,86,46.054145942765615
9,5.715715715715716,-0.7576335300784685,86,46.054145942765615
9,5.7257257257257255,-0.7333404187050542,86,46.054145942765615
9,5.735735735735736,-0.7094330136720985,86,46.054145942765615
9,5.7457457457457455,-0.6599597677282121,86,46.054145942765615
9,5.755755755755756,-0.6072990137599538,86,46.054145942765615
9,5.7657657657657655,-0.5463025854366104,86,46.054145942765615
9,5.775775775775776,-0.4775013378332721,86,46.054145942765615
9,5.7857857857857855,-0.3976202491999612,86,46.054145942765615
9,5.795795795795796,-0.3173879602095845,86,46.054145942765615
9,5.8058058058058055,-0.2525592711469867,86,46.054145942765615
9,5.815815815815816,-0.1617626040559198,86,46.054145942765615
9,5.8258258258258255,-0.058478898073414,86,46.054145942765615
9,5.835835835835836,0.0231476066814629,86,46.054145942765615
9,5.8458458458458455,0.1161163296418951,86,46.054145942765615
9,5.855855855855856,0.2032193635121619,86,46.054145942765615
9,5.865865865865866,0.2895083579414537,86,46.054145942765615
9,5.875875875875876,0.3621594234472537,86,46.054145942765615
9,5.885885885885886,0.4389020409758377,86,46.054145942765615
9,5.895895895895896,0.5146224984462568,86,46.054145942765615
9,5.905905905905906,0.5840704919009965,86,46.054145942765615
9,5.915915915915916,0.6453796315482119,86,46.054145942765615
9,5.925925925925926,0.6803755006360244,86,46.054145942765615
9,5.935935935935936,0.7157870999863899,86,46.054145942765615
9,5.945945945945946,0.7510327528977416,86,46.054145942765615
9,5.955955955955956,0.7613495177495206,86,46.054145942765615
9,5.965965965965966,0.7801340024297504,86,46.054145942765615
9,5.975975975975976,0.7752128679325297,86,46.054145942765615
9,5.985985985985986,0.7697501669683193,86,46.054145942765615
9,5.995995995995996,0.7569900987195289,86,46.054145942765615
9,6.006006006006006,0.729252173655806,86,46.054145942765615
9,6.016016016016016,0.7078384083616309,86,46.054145942765615
9,6.026026026026026,0.6778523970927129,86,46.054145942765615
9,6.036036036036036,0.6156176115125435,86,46.054145942765615
9,6.046046046046046,0.5849019430301257,86,46.054145942765615
9,6.056056056056056,0.5310825375236495,86,46.054145942765615
9,6.066066066066066,0.4853981248228056,86,46.054145942765615
9,6.076076076076076,0.427766747233169,86,46.054145942765615
9,6.086086086086086,0.3849376911871606,86,46.054145942765615
9,6.096096096096096,0.3330347373692015,86,46.054145942765615
9,6.106106106106106,0.284117311288676,86,46.054145942765615
9,6.116116116116116,0.2391766290625203,86,46.054145942765615
9,6.126126126126126,0.1960126208666796,86,46.054145942765615
9,6.136136136136136,0.1603792897178161,86,46.054145942765615
9,6.146146146146146,0.1208372781161346,86,46.054145942765615
9,6.156156156156156,0.0955351295072178,86,46.054145942765615
9,6.166166166166166,0.0614900427623776,86,46.054145942765615
9,6.176176176176176,0.0473729440442877,86,46.054145942765615
9,6.186186186186186,0.0262416324272492,86,46.054145942765615
9,6.196196196196196,0.0181348013846232,86,46.054145942765615
9,6.206206206206206,0.0082673804589126,86,46.054145942765615
9,6.216216216216216,0.0039368156726973,86,46.054145942765615
9,6.226226226226226,-0.0034270242180384,86,46.054145942765615
9,6.236236236236236,-0.0035525818615122,86,46.054145942765615
9,6.246246246246246,0.0038037509804385,86,46.054145942765615
9,6.256256256256256,-0.0005456257878853,86,46.054145942765615
9,6.266266266266266,-0.0055996894623883,86,46.054145942765615
9,6.276276276276276,-0.0127877510881403,86,46.054145942765615
9,6.286286286286286,-0.0030238235026353,86,46.054145942765615
9,6.296296296296296,-0.012186999929158,86,46.054145942765615
9,6.306306306306306,-0.0247429118641089,86,46.054145942765615
9,6.316316316316316,-0.0437512334889977,86,46.054145942765615
9,6.326326326326326,-0.0526651163436151,86,46.054145942765615
9,6.336336336336336,-0.0745507996273562,86,46.054145942765615
9,6.346346346346346,-0.1112788012847866,86,46.054145942765615
9,6.356356356356356,-0.1328881966237356,86,46.054145942765615
9,6.366366366366366,-0.1634452079647005,86,46.054145942765615
9,6.376376376376376,-0.1985256007398476,86,46.054145942765615
9,6.386386386386386,-0.247694428652861,86,46.054145942765615
9,6.396396396396396,-0.2969729087223487,86,46.054145942765615
9,6.406406406406406,-0.3419377777290889,86,46.054145942765615
9,6.416416416416417,-0.3929041033690931,86,46.054145942765615
9,6.426426426426427,-0.4423465607838416,86,46.054145942765615
9,6.436436436436437,-0.5025372963545676,86,46.054145942765615
9,6.446446446446447,-0.5503170406674966,86,46.054145942765615
9,6.456456456456457,-0.5887605344797253,86,46.054145942765615
9,6.466466466466467,-0.6397432612046794,86,46.054145942765615
9,6.476476476476477,-0.6740906750994589,86,46.054145942765615
9,6.486486486486487,-0.7038051989460119,86,46.054145942765615
9,6.496496496496497,-0.7353085185446152,86,46.054145942765615
9,6.506506506506507,-0.7682225284334738,86,46.054145942765615
9,6.516516516516517,-0.7804985303696549,86,46.054145942765615
9,6.526526526526527,-0.7733283475839732,86,46.054145942765615
9,6.536536536536537,-0.763692250084359,86,46.054145942765615
9,6.546546546546547,-0.7539201923028097,86,46.054145942765615
9,6.556556556556557,-0.744667601160233,86,46.054145942765615
9,6.566566566566567,-0.7072106576651386,86,46.054145942765615
9,6.576576576576577,-0.6710555552914885,86,46.054145942765615
9,6.586586586586587,-0.6131505978964067,86,46.054145942765615
9,6.596596596596597,-0.5620682195071598,86,46.054145942765615
9,6.606606606606607,-0.498733006906142,86,46.054145942765615
9,6.616616616616617,-0.4260841566426234,86,46.054145942765615
9,6.626626626626627,-0.3536316573915762,86,46.054145942765615
9,6.636636636636637,-0.2619660509544553,86,46.054145942765615
9,6.646646646646647,-0.1836935924495013,86,46.054145942765615
9,6.656656656656657,-0.0956483470587472,86,46.054145942765615
9,6.666666666666667,0.0013617262804487,86,46.054145942765615
9,6.676676676676677,0.0859877563721886,86,46.054145942765615
9,6.686686686686687,0.1767396091423014,86,46.054145942765615
9,6.696696696696697,0.2697618102642828,86,46.054145942765615
9,6.706706706706707,0.3621322468273926,86,46.054145942765615
9,6.716716716716717,0.4157450730513123,86,46.054145942765615
9,6.726726726726727,0.4984434460174147,86,46.054145942765615
9,6.736736736736737,0.5611529555912254,86,46.054145942765615
9,6.746746746746747,0.6274923958129237,86,46.054145942765615
9,6.756756756756757,0.6643957847757439,86,46.054145942765615
9,6.766766766766767,0.7075450757506752,86,46.054145942765615
9,6.776776776776777,0.7441569505580657,86,46.054145942765615
9,6.786786786786787,0.7701531994820707,86,46.054145942765615
9,6.796796796796797,0.7691283574390391,86,46.054145942765615
9,6.806806806806807,0.7772284694747162,86,46.054145942765615
9,6.816816816816817,0.7757503299523332,86,46.054145942765615
9,6.826826826826827,0.7511434829337175,86,46.054145942765615
9,6.836836836836837,0.735211470605853,86,46.054145942765615
9,6.846846846846847,0.7056712853527032,86,46.054145942765615
9,6.856856856856857,0.6881279213791716,86,46.054145942765615
9,6.866866866866867,0.6324861758137539,86,46.054145942765615
9,6.876876876876877,0.5905177138291722,86,46.054145942765615
9,6.886886886886887,0.5450698588340481,86,46.054145942765615
9,6.896896896896897,0.4890518282034649,86,46.054145942765615
9,6.906906906906907,0.4439909791778251,86,46.054145942765615
9,6.916916916916917,0.3987330643672973,86,46.054145942765615
9,6.926926926926927,0.3448440017322401,86,46.054145942765615
9,6.936936936936937,0.2994242798586312,86,46.054145942765615
9,6.946946946946947,0.2588913218854833,86,46.054145942765615
9,6.956956956956957,0.1995348857768237,86,46.054145942765615
9,6.966966966966967,0.1686303120049082,86,46.054145942765615
9,6.976976976976977,0.126879470229229,86,46.054145942765615
9,6.986986986986987,0.0916653533280913,86,46.054145942765615
9,6.996996996996997,0.067768018567445,86,46.054145942765615
9,7.007007007007007,0.0505798210920519,86,46.054145942765615
9,7.017017017017017,0.0350054961286821,86,46.054145942765615
9,7.027027027027027,0.0158616364323348,86,46.054145942765615
9,7.037037037037037,0.0098826889174043,86,46.054145942765615
9,7.047047047047047,0.0030987275298649,86,46.054145942765615
9,7.057057057057057,-0.0012242932865959,86,46.054145942765615
9,7.067067067067067,0.0032027001096372,86,46.054145942765615
9,7.077077077077077,0.0006869024770852,86,46.054145942765615
9,7.087087087087087,-0.002929978883503,86,46.054145942765615
9,7.097097097097097,0.0025372867423455,86,46.054145942765615
9,7.107107107107107,-0.0037856018163459,86,46.054145942765615
9,7.117117117117117,-0.0017742977624126,86,46.054145942765615
9,7.127127127127127,-0.0141286781994896,86,46.054145942765615
9,7.137137137137137,-0.0191060055690636,86,46.054145942765615
9,7.147147147147147,-0.0284105530248093,86,46.054145942765615
9,7.157157157157157,-0.0490238670545064,86,46.054145942765615
9,7.167167167167167,-0.0719004995014918,86,46.054145942765615
9,7.177177177177177,-0.0961143036661323,86,46.054145942765615
9,7.187187187187187,-0.1263159031926571,86,46.054145942765615
9,7.197197197197197,-0.1587064573036485,86,46.054145942765615
9,7.207207207207207,-0.1901094521256735,86,46.054145942765615
9,7.217217217217217,-0.2355795898152551,86,46.054145942765615
9,7.227227227227227,-0.2888741038898994,86,46.054145942765615
9,7.237237237237237,-0.3279284375268972,86,46.054145942765615
9,7.247247247247247,-0.3734630658503758,86,46.054145942765615
9,7.257257257257257,-0.4280635726832832,86,46.054145942765615
9,7.267267267267267,-0.4794717836358816,86,46.054145942765615
9,7.277277277277277,-0.5366743922667456,86,46.054145942765615
9,7.287287287287287,-0.5737657899089572,86,46.054145942765615
9,7.297297297297297,-0.6281174363740945,86,46.054145942765615
9,7.307307307307307,-0.6726094003408162,86,46.054145942765615
9,7.317317317317317,-0.7007288363169465,86,46.054145942765615
9,7.327327327327327,-0.7309509968672842,86,46.054145942765615
9,7.337337337337337,-0.750476845527594,86,46.054145942765615
9,7.347347347347347,-0.7699193299957828,86,46.054145942765615
9,7.357357357357357,-0.7903185572131672,86,46.054145942765615
9,7.367367367367367,-0.7764278200598593,86,46.054145942765615
9,7.377377377377377,-0.7661025788593389,86,46.054145942765615
9,7.387387387387387,-0.7434963947227492,86,46.054145942765615
9,7.397397397397397,-0.7186101728610079,86,46.054145942765615
9,7.407407407407407,-0.6932444945361742,86,46.054145942765615
9,7.4174174174174174,-0.6340233211247515,86,46.054145942765615
9,7.4274274274274275,-0.5783030074347765,86,46.054145942765615
9,7.437437437437437,-0.5186725053767405,86,46.054145942765615
9,7.447447447447447,-0.4446912120039886,86,46.054145942765615
9,7.4574574574574575,-0.3658104673351188,86,46.054145942765615
9,7.4674674674674675,-0.2878884114759779,86,46.054145942765615
9,7.477477477477477,-0.201553658857425,86,46.054145942765615
9,7.487487487487487,-0.1101218085841019,86,46.054145942765615
9,7.4974974974974975,-0.0291373480592699,86,46.054145942765615
9,7.5075075075075075,0.0637321540790511,86,46.054145942765615
9,7.517517517517517,0.1636672275690131,86,46.054145942765615
9,7.527527527527527,0.2528209909754426,86,46.054145942765615
9,7.5375375375375375,0.3330154369447954,86,46.054145942765615
9,7.5475475475475475,0.4016065697776763,86,46.054145942765615
9,7.557557557557557,0.4848259199707055,86,46.054145942765615
9,7.567567567567567,0.5412483242716841,86,46.054145942765615
9,7.5775775775775776,0.6168178619122013,86,46.054145942765615
9,7.587587587587588,0.6630337653503464,86,46.054145942765615
9,7.597597597597598,0.7049830259267695,86,46.054145942765615
9,7.607607607607608,0.7327786044357764,86,46.054145942765615
9,7.617617617617618,0.7600387385093882,86,46.054145942765615
9,7.627627627627628,0.7736396959093541,86,46.054145942765615
9,7.637637637637638,0.7803371862899101,86,46.054145942765615
9,7.647647647647648,0.7665983952517254,86,46.054145942765615
9,7.657657657657658,0.7674657120298456,86,46.054145942765615
9,7.667667667667668,0.7428154088017926,86,46.054145942765615
9,7.677677677677678,0.7128239345681436,86,46.054145942765615
9,7.687687687687688,0.6842823798469779,86,46.054145942765615
9,7.697697697697698,0.6510935477788354,86,46.054145942765615
9,7.707707707707708,0.6031271749703727,86,46.054145942765615
9,7.717717717717718,0.5585475757459765,86,46.054145942765615
9,7.727727727727728,0.5058987380876346,86,46.054145942765615
9,7.737737737737738,0.4505446613686602,86,46.054145942765615
9,7.747747747747748,0.4007501758034592,86,46.054145942765615
9,7.757757757757758,0.3620481114334825,86,46.054145942765615
9,7.767767767767768,0.3091623074644346,86,46.054145942765615
9,7.777777777777778,0.2544574745570909,86,46.054145942765615
9,7.787787787787788,0.2089392218638276,86,46.054145942765615
9,7.797797797797798,0.1762065236514859,86,46.054145942765615
9,7.807807807807808,0.1390435045819124,86,46.054145942765615
9,7.817817817817818,0.11248791294209,86,46.054145942765615
9,7.827827827827828,0.0916683103417237,86,46.054145942765615
9,7.837837837837838,0.0598609065107477,86,46.054145942765615
9,7.847847847847848,0.0380367439498732,86,46.054145942765615
9,7.857857857857858,0.0306327745926189,86,46.054145942765615
9,7.867867867867868,0.0130606009910479,86,46.054145942765615
9,7.877877877877878,0.0050558505776962,86,46.054145942765615
9,7.887887887887888,0.0006467485317291,86,46.054145942765615
9,7.897897897897898,0.0042385392894119,86,46.054145942765615
9,7.907907907907908,-0.0006637276388955,86,46.054145942765615
9,7.917917917917918,0.0037353270325967,86,46.054145942765615
9,7.927927927927928,-0.0016156201715178,86,46.054145942765615
9,7.937937937937938,0.00062689216704,86,46.054145942765615
9,7.947947947947948,-0.0009446244618483,86,46.054145942765615
9,7.957957957957958,-0.0016519160185856,86,46.054145942765615
9,7.967967967967968,-0.0121760052673591,86,46.054145942765615
9,7.977977977977978,-0.0239260907977627,86,46.054145942765615
9,7.987987987987988,-0.0418395584173854,86,46.054145942765615
9,7.997997997997998,-0.064374799857221,86,46.054145942765615
9,8.008008008008009,-0.0944010930605278,86,46.054145942765615
9,8.018018018018019,-0.1075342394527356,86,46.054145942765615
9,8.028028028028029,-0.1612960005938541,86,46.054145942765615
9,8.038038038038039,-0.1857381590903577,86,46.054145942765615
9,8.048048048048049,-0.2254182877747537,86,46.054145942765615
9,8.058058058058059,-0.27956859730237,86,46.054145942765615
9,8.068068068068069,-0.3131525914784135,86,46.054145942765615
9,8.078078078078079,-0.3594442458249923,86,46.054145942765615
9,8.088088088088089,-0.4222209352636382,86,46.054145942765615
9,8.098098098098099,-0.4627266490966202,86,46.054145942765615
9,8.108108108108109,-0.5138883523096294,86,46.054145942765615
9,8.118118118118119,-0.5587625905674048,86,46.054145942765615
9,8.128128128128129,-0.6133349029703409,86,46.054145942765615
9,8.138138138138139,-0.6577779625432497,86,46.054145942765615
9,8.148148148148149,-0.6992700556583792,86,46.054145942765615
9,8.158158158158159,-0.7257897662430236,86,46.054145942765615
9,8.168168168168169,-0.7594379552683088,86,46.054145942765615
9,8.178178178178179,-0.763014122001276,86,46.054145942765615
9,8.188188188188189,-0.7840710089816059,86,46.054145942765615
9,8.198198198198199,-0.78313469991459,86,46.054145942765615
9,8.208208208208209,-0.7678418628799324,86,46.054145942765615
9,8.218218218218219,-0.7484259861450278,86,46.054145942765615
9,8.228228228228229,-0.7218384904700722,86,46.054145942765615
9,8.238238238238239,-0.6873732455353416,86,46.054145942765615
9,8.248248248248249,-0.6538567648591995,86,46.054145942765615
9,8.258258258258259,-0.5944926350890061,86,46.054145942765615
9,8.268268268268269,-0.5326445727501726,86,46.054145942765615
9,8.278278278278279,-0.4675614405673504,86,46.054145942765615
9,8.288288288288289,-0.3884013373410761,86,46.054145942765615
9,8.298298298298299,-0.3176684022642389,86,46.054145942765615
9,8.308308308308309,-0.2223280907026111,86,46.054145942765615
9,8.318318318318319,-0.1350747073626129,86,46.054145942765615
9,8.328328328328329,-0.0441205753897734,86,46.054145942765615
9,8.338338338338339,0.0400886185197204,86,46.054145942765615
9,8.348348348348349,0.1259309192813833,86,46.054145942765615
9,8.358358358358359,0.2184996873484072,86,46.054145942765615
9,8.368368368368369,0.304797901922605,86,46.054145942765615
9,8.378378378378379,0.3870726577235266,86,46.054145942765615
9,8.388388388388389,0.4617722019018491,86,46.054145942765615
9,8.398398398398399,0.5314470516226152,86,46.054145942765615
9,8.408408408408409,0.5933654248362205,86,46.054145942765615
9,8.418418418418419,0.6516071065665046,86,46.054145942765615
9,8.428428428428429,0.6896984851396378,86,46.054145942765615
9,8.438438438438439,0.7284822349168134,86,46.054145942765615
9,8.448448448448449,0.7618569840175935,86,46.054145942765615
9,8.458458458458459,0.7685226860719042,86,46.054145942765615
9,8.468468468468469,0.7786931248036627,86,46.054145942765615
9,8.478478478478479,0.7882805585930888,86,46.054145942765615
9,8.488488488488489,0.7823523784987662,86,46.054145942765615
9,8.498498498498499,0.7420928527589867,86,46.054145942765615
9,8.508508508508509,0.7259491675633067,86,46.054145942765615
9,8.518518518518519,0.6936490095324518,86,46.054145942765615
9,8.528528528528529,0.6568633004063725,86,46.054145942765615
9,8.538538538538539,0.6270683167819899,86,46.054145942765615
9,8.548548548548549,0.5599769286219025,86,46.054145942765615
9,8.558558558558559,0.5179709406571275,86,46.054145942765615
9,8.568568568568569,0.4683354831277425,86,46.054145942765615
9,8.578578578578579,0.4234088635613785,86,46.054145942765615
9,8.588588588588589,0.3568167972578834,86,46.054145942765615
9,8.598598598598599,0.3177441489174205,86,46.054145942765615
9,8.608608608608609,0.2767248679352918,86,46.054145942765615
9,8.618618618618619,0.2391666654519817,86,46.054145942765615
9,8.62862862862863,0.178346043854909,86,46.054145942765615
9,8.63863863863864,0.1403209698947015,86,46.054145942765615
9,8.64864864864865,0.1146923825965229,86,46.054145942765615
9,8.65865865865866,0.0840456091879144,86,46.054145942765615
9,8.66866866866867,0.0578777894791174,86,46.054145942765615
9,8.67867867867868,0.0386529942152244,86,46.054145942765615
9,8.68868868868869,0.0353228015911802,86,46.054145942765615
9,8.6986986986987,0.0162322116784841,86,46.054145942765615
9,8.70870870870871,0.0105248839664982,86,46.054145942765615
9,8.71871871871872,0.0037599260873624,86,46.054145942765615
9,8.72872872872873,0.0030520889091306,86,46.054145942765615
9,8.73873873873874,0.0008300150481433,86,46.054145942765615
9,8.74874874874875,0.0004252840059171,86,46.054145942765615
9,8.75875875875876,-0.0038677233184692,86,46.054145942765615
9,8.76876876876877,0.0007045796846137,86,46.054145942765615
9,8.77877877877878,0.0040032837211982,86,46.054145942765615
9,8.78878878878879,0.0078284310749598,86,46.054145942765615
9,8.7987987987988,-0.0068738763593894,86,46.054145942765615
9,8.80880880880881,-0.0214672886976849,86,46.054145942765615
9,8.81881881881882,-0.0442361817541149,86,46.054145942765615
9,8.82882882882883,-0.0537914280968418,86,46.054145942765615
9,8.83883883883884,-0.0820885699376716,86,46.054145942765615
9,8.84884884884885,-0.1107359071126975,86,46.054145942765615
9,8.85885885885886,-0.1350877341100367,86,46.054145942765615
9,8.86886886886887,-0.1754565096866582,86,46.054145942765615
9,8.87887887887888,-0.222818500994811,86,46.054145942765615
9,8.88888888888889,-0.2526708968357101,86,46.054145942765615
9,8.8988988988989,-0.3087359362412157,86,46.054145942765615
9,8.90890890890891,-0.3589406481907328,86,46.054145942765615
9,8.91891891891892,-0.4080197878425657,86,46.054145942765615
9,8.92892892892893,-0.452471509585969,86,46.054145942765615
9,8.93893893893894,-0.5069167326418395,86,46.054145942765615
9,8.94894894894895,-0.5582308735335745,86,46.054145942765615
9,8.95895895895896,-0.6034385684555309,86,46.054145942765615
9,8.96896896896897,-0.6496826436400975,86,46.054145942765615
9,8.97897897897898,-0.6889838771938298,86,46.054145942765615
9,8.98898898898899,-0.7224983328788971,86,46.054145942765615
9,8.998998998999,-0.7446727109713002,86,46.054145942765615
9,9.00900900900901,-0.7626604801697479,86,46.054145942765615
9,9.01901901901902,-0.7767782436361484,86,46.054145942765615
9,9.02902902902903,-0.7856987040119005,86,46.054145942765615
9,9.03903903903904,-0.7763998255568811,86,46.054145942765615
9,9.04904904904905,-0.7653242426719641,86,46.054145942765615
9,9.05905905905906,-0.7349132094197481,86,46.054145942765615
9,9.06906906906907,-0.6983931969483064,86,46.054145942765615
9,9.07907907907908,-0.6589737961608063,86,46.054145942765615
9,9.08908908908909,-0.6095970036455131,86,46.054145942765615
9,9.0990990990991,-0.5388655945507665,86,46.054145942765615
9,9.10910910910911,-0.4907560651972802,86,46.054145942765615
9,9.11911911911912,-0.4095825069777564,86,46.054145942765615
9,9.12912912912913,-0.3242892569837577,86,46.054145942765615
9,9.13913913913914,-0.2452499987171761,86,46.054145942765615
9,9.14914914914915,-0.1662593677582611,86,46.054145942765615
9,9.15915915915916,-0.0661944149690122,86,46.054145942765615
9,9.16916916916917,0.024251978384498,86,46.054145942765615
9,9.17917917917918,0.1113092640159821,86,46.054145942765615
9,9.18918918918919,0.2053854445318121,86,46.054145942765615
9,9.1991991991992,0.2916536024736791,86,46.054145942765615
9,9.20920920920921,0.3720006975321842,86,46.054145942765615
9,9.21921921921922,0.4467865627767555,86,46.054145942765615
9,9.22922922922923,0.506199254444802,86,46.054145942765615
9,9.23923923923924,0.5832156862052792,86,46.054145942765615
9,9.24924924924925,0.6387933102638448,86,46.054145942765615
9,9.25925925925926,0.681394465750688,86,46.054145942765615
9,9.26926926926927,0.7151680549114632,86,46.054145942765615
9,9.27927927927928,0.7493326213882825,86,46.054145942765615
9,9.28928928928929,0.7639188254382152,86,46.054145942765615
9,9.2992992992993,0.7759568963490375,86,46.054145942765615
9,9.30930930930931,0.7783294501498367,86,46.054145942765615
9,9.31931931931932,0.7740281300107945,86,46.054145942765615
9,9.32932932932933,0.7534011187234113,86,46.054145942765615
9,9.33933933933934,0.7253853822334757,86,46.054145942765615
9,9.34934934934935,0.6974492805274133,86,46.054145942765615
9,9.35935935935936,0.6633471757734827,86,46.054145942765615
9,9.36936936936937,0.6143562073962736,86,46.054145942765615
9,9.37937937937938,0.5762107550832233,86,46.054145942765615
9,9.38938938938939,0.5389056312619895,86,46.054145942765615
9,9.3993993993994,0.4721115886415804,86,46.054145942765615
9,9.40940940940941,0.4336899961516724,86,46.054145942765615
9,9.41941941941942,0.3759058378442867,86,46.054145942765615
9,9.42942942942943,0.3403714741859042,86,46.054145942765615
9,9.43943943943944,0.2853754348246197,86,46.054145942765615
9,9.44944944944945,0.2424923039372418,86,46.054145942765615
9,9.45945945945946,0.197824437282527,86,46.054145942765615
9,9.46946946946947,0.1559361738813617,86,46.054145942765615
9,9.47947947947948,0.110645036275571,86,46.054145942765615
9,9.48948948948949,0.0913188882935908,86,46.054145942765615
9,9.4994994994995,0.0750000390204785,86,46.054145942765615
9,9.50950950950951,0.0484726670387461,86,46.054145942765615
9,9.51951951951952,0.0359375306935931,86,46.054145942765615
9,9.52952952952953,0.0191325525789294,86,46.054145942765615
9,9.53953953953954,0.0102667755832778,86,46.054145942765615
9,9.54954954954955,0.0077136832148579,86,46.054145942765615
9,9.55955955955956,-0.0069953136428535,86,46.054145942765615
9,9.56956956956957,-0.0031988382133959,86,46.054145942765615
9,9.57957957957958,0.0011939650272711,86,46.054145942765615
9,9.58958958958959,0.0025371136685971,86,46.054145942765615
9,9.5995995995996,-0.0064415155493985,86,46.054145942765615
9,9.60960960960961,0.001206126830414,86,46.054145942765615
9,9.61961961961962,-0.0036396159192362,86,46.054145942765615
9,9.62962962962963,-0.0082391845079679,86,46.054145942765615
9,9.63963963963964,-0.0252000480283094,86,46.054145942765615
9,9.64964964964965,-0.0352565465290601,86,46.054145942765615
9,9.65965965965966,-0.0513858341466382,86,46.054145942765615
9,9.66966966966967,-0.0642989753198811,86,46.054145942765615
9,9.67967967967968,-0.0969730904396233,86,46.054145942765615
9,9.68968968968969,-0.1275824750559089,86,46.054145942765615
9,9.6996996996997,-0.1641703001736132,86,46.054145942765615
9,9.70970970970971,-0.2026790624949462,86,46.054145942765615
9,9.71971971971972,-0.2424056623211238,86,46.054145942765615
9,9.72972972972973,-0.3018765864134557,86,46.054145942765615
9,9.73973973973974,-0.3424534602453946,86,46.054145942765615
9,9.74974974974975,-0.3892274373255717,86,46.054145942765615
9,9.75975975975976,-0.4332872361326241,86,46.054145942765615
9,9.76976976976977,-0.5001774722880892,86,46.054145942765615
9,9.77977977977978,-0.5390350753078965,86,46.054145942765615
9,9.78978978978979,-0.5857527228361153,86,46.054145942765615
9,9.7997997997998,-0.6425132415156423,86,46.054145942765615
9,9.80980980980981,-0.666047837319522,86,46.054145942765615
9,9.81981981981982,-0.7184985068672326,86,46.054145942765615
9,9.82982982982983,-0.7342679234535958,86,46.054145942765615
9,9.83983983983984,-0.7573041853433488,86,46.054145942765615
9,9.84984984984985,-0.7669644498449236,86,46.054145942765615
9,9.85985985985986,-0.7833403968191387,86,46.054145942765615
9,9.86986986986987,-0.7753697506405305,86,46.054145942765615
9,9.87987987987988,-0.7676453179628915,86,46.054145942765615
9,9.88988988988989,-0.749588251280428,86,46.054145942765615
9,9.8998998998999,-0.7052434579644777,86,46.054145942765615
9,9.90990990990991,-0.6798802720582772,86,46.054145942765615
9,9.91991991991992,-0.6260523364251944,86,46.054145942765615
9,9.92992992992993,-0.561450133300738,86,46.054145942765615
9,9.93993993993994,-0.4956399107697776,86,46.054145942765615
9,9.94994994994995,-0.4254624655530974,86,46.054145942765615
9,9.95995995995996,-0.3494753894233565,86,46.054145942765615
9,9.96996996996997,-0.2612458674941408,86,46.054145942765615
9,9.97997997997998,-0.1797260105568747,86,46.054145942765615
9,9.98998998998999,-0.0847667732085611,86,46.054145942765615
9,10.0,0.0002220885098629,86,46.054145942765615
